book_id,book_name,book_author,book_added_on,book_is_issued
SB-001,ON THE FARM ,not available,09-11-17,FALSE
SB-002,HIDE AND SEEK (VEHICLES),not available,09-11-17,FALSE
SB-003,MOTOR SPEED WAY ,not available,09-11-17,FALSE
SB-004,BUGS AT PLAY (AHBBA),not available,09-11-17,FALSE
SB-005,THE GOLDEN FISH(LEVEL 4),not available,09-11-17,FALSE
SB-006,THE ANT AND THE BUTTERFLY (11),not available,09-11-17,FALSE
SB-007,THE WOLF AND THE FOX ,not available,09-11-17,FALSE
SB-008,THE FOX AND THE STORK,not available,09-11-17,FALSE
SB-009,THE PORCUPINES LEGACY,not available,09-11-17,FALSE
SB-010,LOOK WHAT WHISKERS CAN DO (DS),not available,09-11-17,FALSE
SB-011,LOOK WHAT FEET CAN DO,not available,09-11-17,FALSE
SB-012,LOOK WHAT TAILS CAN DO,not available,09-11-17,FALSE
SB-013,LOOK WHAT MOUTHS CAN DO,not available,09-11-17,FALSE
SB-014,NAISHA AT THE FAIR,not available,09-11-17,FALSE
SB-015,NAISHA AT THE MARKET,not available,09-11-17,FALSE
SB-016,THE FOX AND THE GRAPES,not available,09-11-17,FALSE
SB-017,NAISHA AT THE ZOO,not available,09-11-17,FALSE
SB-018,ART ATTACK (AROUND THE WORLD),not available,09-11-17,FALSE
SB-019,SPOOKY STUFF,not available,09-11-17,FALSE
SB-020,AT THE CIRCUS,not available,09-11-17,FALSE
SB-021,FESTIVAL FUN,not available,09-11-17,FALSE
SB-022,MAKE AND DO,not available,09-11-17,FALSE
SB-023,THE EAGLE AND THE JACKDAW/ THE PEASANT AND THE TREE,not available,09-11-17,FALSE
SB-024,THE DANCING MONKEY/THE FISHERMAN AND THE LITTLE FISH,not available,09-11-17,FALSE
SB-025,THE GRASSHOPPER AND THE OWL/THE COCK AND THE JEWEL,not available,09-11-17,FALSE
SB-026,THOSE ANIMALS,not available,09-11-17,FALSE
SB-027,FRIENDS AND FAMILIES,not available,09-11-17,FALSE
SB-028,DOWN ON THE FARM,not available,09-11-17,FALSE
SB-029,WHATS COOKING,not available,09-11-17,FALSE
SB-030,FUN AND GAMES,not available,09-11-17,FALSE
SB-031,A LITTLE LIE,not available,09-11-17,FALSE
SB-032,"MA, CAN I HELP ?",not available,09-11-17,FALSE
SB-033,WHAT A MESS,not available,09-11-17,FALSE
SB-034,A TIME TOGETHER,not available,09-11-17,FALSE
SB-035,THE GREAT BALLOON ,not available,09-11-17,FALSE
SB-036,TENALI RAMAN ,not available,09-11-17,FALSE
SB-037,THE MAGICAL WELL,not available,09-11-17,FALSE
SB-038,LIES AND ILLUSION AND OTHER STORIES,not available,09-11-17,FALSE
SB-039,THE SWEET TRUTH AND OTHER STORIES,not available,09-11-17,FALSE
SB-040,THE COMPETITION AND THE OTHER STORIES,not available,09-11-17,FALSE
SB-041,THE MANGO AND THE OTHER STORIES,not available,09-11-17,FALSE
SB-042,THE COLOURED NAILS AND THE OTHER STORIES,not available,09-11-17,FALSE
SB-043,THE KEY TO HEAVEN,not available,09-11-17,FALSE
SB-044,THE BLUE JACKAL,not available,09-11-17,FALSE
SB-045,THE JACKAL WHO KILLED NO ELEPHANTS,not available,09-11-17,FALSE
SB-046,THE MONEKY AND THE CROCODILE,not available,09-11-17,FALSE
SB-047,THE MONEKY AND THE MOON,not available,09-11-17,FALSE
SB-048,THE ASS HAS NO BRAIN,not available,09-11-17,FALSE
SB-049,A COOK AT THE ZOO,not available,09-11-17,FALSE
SB-050,THE STICKY END,not available,09-11-17,FALSE
SB-051,THE PLUM TREE,not available,09-11-17,FALSE
SB-052,THE BEST PEST,not available,09-11-17,FALSE
SB-053,"SCRITCH,SCRATCH",not available,09-11-17,FALSE
SB-054,BRAD THE CRAB,not available,09-11-17,FALSE
SB-055,JINGLE JANGLE ,not available,09-11-17,FALSE
SB-056,CHEEKY CHIMP ?,not available,09-11-17,FALSE
SB-057,SPOTTY SPIDER ,not available,09-11-17,FALSE
SB-058,STARS AND STORKS,not available,09-11-17,FALSE
SB-059,TOM THE DOG,not available,09-11-17,FALSE
SB-060,SLIPPERY SLUGS,not available,09-11-17,FALSE
SB-061,GRASS IS GREEN ,not available,09-11-17,FALSE
SB-062,CLEM THE CLAM ,not available,09-11-17,FALSE
SB-063,A FOX IN THE SOCKS,not available,09-11-17,FALSE
SB-064,SAM THE ANT ,not available,09-11-17,FALSE
SB-065,EGGS ON LEGS,not available,09-11-17,FALSE
SB-066,MIX IT IN ,not available,09-11-17,FALSE
SB-067,A BUG AND A NUT,not available,09-11-17,FALSE
SB-068,GUS AND THE PUP,not available,09-11-17,FALSE
SB-069,JIMS BIN,not available,09-11-17,FALSE
SB-070,TEN PENS FOR MEG,not available,09-11-17,FALSE
SB-071,CAN A CAT BAT ?,not available,09-11-17,FALSE
SB-072,FRED THE FROG,not available,09-11-17,FALSE
SB-073,THE KING AND THE BELLS,not available,09-11-17,FALSE
SB-074,BUZZING AND FLYING,not available,09-11-17,FALSE
SB-075,FRANK THE SKUNK,not available,09-11-17,FALSE
SB-076,A SHARK IN THE SHIRT,not available,09-11-17,FALSE
SB-077,SCALLY IS SORRY ,not available,09-11-17,FALSE
SB-078,A BEE A DEER AND A SHEEP ,not available,09-11-17,FALSE
SB-079,MY FIRST BOOK BEACH,not available,09-11-17,FALSE
SB-080,LAMB SAYS BOO,not available,09-11-17,FALSE
SB-081,DIAMONDS AND TOADS,not available,09-11-17,FALSE
SB-082,RUPLESTILSKIN,not available,09-11-17,FALSE
SB-083,KING MIDAS AND THE GOLDEN TOUCH,not available,09-11-17,FALSE
SB-084,STONE SOAP,not available,09-11-17,FALSE
SB-085,PETER PAN ,not available,09-11-17,FALSE
SB-086,THE FIR TREE,not available,09-11-17,FALSE
SB-087,THE FROG PRINCE,not available,09-11-17,FALSE
SB-088,BE FRIENDLY,not available,09-11-17,FALSE
SB-089,THE BRAVE LITTLE TAILOR,not available,09-11-17,FALSE
SB-090,THE SELFISH GIANT,not available,09-11-17,FALSE
SB-091,THE JACKAL AND THE SPRING,not available,09-11-17,FALSE
SB-092,TOM THUMB,not available,09-11-17,FALSE
SB-093,PINNOCIO,not available,09-11-17,FALSE
SB-094,BEAUTY AND THE BEAST,not available,09-11-17,FALSE
SB-095,BORING FOOD,not available,09-11-17,FALSE
SB-096,WE ARE FRINDS ,not available,09-11-17,FALSE
SB-097,PENGUINS CANT FLY,not available,09-11-17,FALSE
SB-098,GREAT JUNIOR ENCYCLOPEDIA ANIMAL WORLD,not available,09-11-17,FALSE
SB-099,OCEAN WORLD,not available,09-11-17,FALSE
SB-100,TOY TIME COUNTING,not available,09-11-17,FALSE
SB-101,BUILDING COLORS,not available,09-11-17,FALSE
SB-102,LUCKY BAMBOO,not available,09-11-17,FALSE
SB-103,LET US THANK UNCLE,not available,09-11-17,FALSE
SB-104,LET US THANK MOM,not available,09-11-17,FALSE
SB-105,LET US THANK GRANDMA,not available,09-11-17,FALSE
SB-106,LET US THANK BROTHER,not available,09-11-17,FALSE
SB-107,LET US THANK GRANDPA,not available,09-11-17,FALSE
SB-108,LET US THANK DAD,not available,09-11-17,FALSE
SB-109,LET US THANK SISTER,not available,09-11-17,FALSE
SB-110,LET US THANK FRIENDS,not available,09-11-17,FALSE
SB-111,DO CATS HAVE SCALES,not available,09-11-17,FALSE
SB-112,RUMPELSTIL SKIN (2),not available,09-11-17,FALSE
SB-113,THE THREE LITTLE PIGS,not available,09-11-17,FALSE
SB-114,THE EMPERORS NEW CLOTHES,not available,09-11-17,FALSE
SB-115,MRS SQUEAKY AD HER NEW HAT,not available,09-11-17,FALSE
SB-116,WHOS THE PUZZLE?,not available,09-11-17,FALSE
SB-117,FROG ON THE LOG,not available,09-11-17,FALSE
SB-118,MY FIRST BOOK SEA,not available,09-11-17,FALSE
SB-119,MY FIRST BOOK FARM ,not available,09-11-17,FALSE
SB-120,PIGS EGG,not available,09-11-17,FALSE
SB-121,DAZZLE DUCKLING ,not available,09-11-17,FALSE
SB-122,CHARLIE AND THE CHEESEMONSTER,not available,09-11-17,FALSE
SB-123,LIFT THE FLAP FUN THINGS I LIKE,not available,09-11-17,FALSE
SB-124,LIFT THE FLAP FUN NUMBERS,not available,09-11-17,FALSE
SB-125,LIFT THE FLAP FUN FARM ANIMALS,not available,09-11-17,FALSE
SB-126,WHERES EDDIE ?,not available,09-11-17,FALSE
SB-127,LITTLE SPIDERS FIRST WEB ,not available,09-11-17,FALSE
SB-128,THE CAT AND THE MOUSE,not available,09-11-17,FALSE
SB-129,ARE WE THERE YET ?,not available,09-11-17,FALSE
SB-130,DONALDS LOST LION,not available,09-11-17,FALSE
SB-131,UP UP AND AWAY ,not available,09-11-17,FALSE
SB-132,A RAINY DAY ADVENTURE,not available,09-11-17,FALSE
SB-133,MINNIES RAINBOW,not available,09-11-17,FALSE
SB-134,MICKEY AND DONALD HAVE A FARM ,not available,09-11-17,FALSE
SB-135,PVER THE RIVER,not available,09-11-17,FALSE
SB-136,LOOK BEFORE YOU LEAP ,not available,09-11-17,FALSE
SB-137,HUBER AND THE THIEF,not available,09-11-17,FALSE
SB-138,CAREH AND HER FRIENDS,not available,09-11-17,FALSE
SB-139,NOSEY AND THE FOX,not available,09-11-17,FALSE
SB-140,THE DOG AND THE WOLF,not available,09-11-17,FALSE
SB-141,THE KIND TORTOISE,not available,09-11-17,FALSE
SB-142,THE HASTY CROW,not available,09-11-17,FALSE
SB-143,THE GREEDY LION,not available,09-11-17,FALSE
SB-144,THE SMALL HOUSE,not available,09-11-17,FALSE
SB-145,THE BIGGEST EGG,not available,09-11-17,FALSE
SB-146,THE PROUD TUGER,not available,09-11-17,FALSE
SB-147,UNITY IS STRENGTH,not available,09-11-17,FALSE
SB-148,A BLESSING IN DISGUISE,not available,09-11-17,FALSE
SB-149,BROTHERLY LOVE,not available,09-11-17,FALSE
SB-150,THE COURAGE OF WILLIAM TELL,not available,09-11-17,FALSE
SB-151,THE LION AND THE SLAVE,not available,09-11-17,FALSE
SB-152,FRUITS OF HONESTY,not available,09-11-17,FALSE
SB-153,A STITCH IN TIME SAVES NINE,not available,09-11-17,FALSE
SB-154,WHAT IS SIGHT ?,not available,09-11-17,FALSE
SB-155,WHAT IS HEARING ?,not available,09-11-17,FALSE
SB-156,WHAT IS TOUCH,not available,09-11-17,FALSE
SB-157,WHAT IS TASTE ,not available,09-11-17,FALSE
SB-158,WHAT IS SMELL ,not available,09-11-17,FALSE
SB-159,BE RESPONSIBLE,not available,09-11-17,FALSE
SB-160,BE KIND ,not available,09-11-17,FALSE
SB-161,BE PROUD,not available,09-11-17,FALSE
SB-162,BE PATIENT,not available,09-11-17,FALSE
SB-163,BE OBEDIENT,not available,09-11-17,FALSE
SB-164,BE HONEST,not available,09-11-17,FALSE
SB-165,BE HAPPY,not available,09-11-17,FALSE
SB-166,BE BRAVE,not available,09-11-17,FALSE
SB-167,BE CHARMING,not available,09-11-17,FALSE
SB-168,BE FIT,not available,09-11-17,FALSE
SB-169,THE GOAT AND GLOATS,not available,09-11-17,FALSE
SB-170,SQUEAK THE LION ,not available,09-11-17,FALSE
SB-171,TOADS ROAD CODE,not available,09-11-17,FALSE
SB-172,SARAH CARL AND THE PARTY,not available,09-11-17,FALSE
SB-173,GORAN AND HIS ADVENTURE,not available,09-11-17,FALSE
SB-174,THOMO AND KYLE ,not available,09-11-17,FALSE
SB-175,TED AND THE BICYCLE,not available,09-11-17,FALSE
SB-176,NOLAN AND THE HONEY,not available,09-11-17,FALSE
SB-177,TRANSPORT AND COMMUNICATION,not available,09-11-17,FALSE
SB-178,ROAD SAFETY,not available,09-11-17,FALSE
SB-179,CARING FOR OTHERS,not available,09-11-17,FALSE
SB-180,THE GOLDEN COAT AND OTHER STORIES,not available,09-11-17,FALSE
SB-181,THE BIRD WITH TWO HEADS,not available,09-11-17,FALSE
SB-182,THE PEACOCK AND THE FOX,not available,09-11-17,FALSE
SB-183,THE HORSE AND THE LION ,not available,09-11-17,FALSE
SB-184,THE COW AND THE TIGER,not available,09-11-17,FALSE
SB-185,WHO WILL BELL THE CAT ,not available,09-11-17,FALSE
SB-186,BE POLITE,not available,09-11-17,FALSE
SB-187,SIEVE AND THE NATURE,not available,09-11-17,FALSE
SB-188,EARTH AND SPARE,not available,09-11-17,FALSE
SB-189,SIEVE AND THE NATURE,not available,09-11-17,FALSE
SB-190,EARTH AND SPARE,not available,09-11-17,FALSE
SB-191,SIEVE AND THE NATURE,not available,09-11-17,FALSE
SB-192,EARTH AND SPARE,not available,09-11-17,FALSE
SB-193,SEA AND SEA LIFE,not available,09-11-17,FALSE
SB-194,OPTICAL ILLUSIONS,not available,09-11-17,FALSE
SB-195,OUTER SPACE,not available,09-11-17,FALSE
SB-196,MONSTER ANIMALS,not available,09-11-17,FALSE
SB-197,KNOWLEDGE MONSTERS,not available,09-11-17,FALSE
SB-198,THE STORY OF THE LITTLE ROUND BUM,not available,09-11-17,FALSE
SB-199,MANGOES FOR BINDU,not available,09-11-17,FALSE
SB-200,HAPPY HELICOPTER,not available,09-11-17,FALSE
SB-201,HAPPY HELICOPTER,not available,09-11-17,FALSE
SB-202,YOUNG LEARNERS ENCYCLOPEDIA,not available,09-11-17,FALSE
SB-203,YOUNG LEARNERS ATLAS,not available,09-11-17,FALSE
SB-204,FESTIVALS OF INDIA AND OTHER LANDS,not available,09-11-17,FALSE
SB-205,FESTIVALS OF INDIA AND OTHER LANDS,not available,09-11-17,FALSE
SB-206,FESTIVALS OF INDIA AND OTHER LANDS,not available,09-11-17,FALSE
SB-207,SPOTLIGHT OCEAN HUNT,not available,09-11-17,FALSE
SB-208,LIFT A FLAG,not available,09-11-17,FALSE
SB-209,LETS BUY SHOES FOR ME,not available,09-11-17,FALSE
SB-210,BAMBI,not available,09-11-17,FALSE
SB-211,BIRD KINGDOM,not available,09-11-17,FALSE
SB-212,CAN YOU GUESS ?,not available,09-11-17,FALSE
SB-213,THE SACRED BANANA LEAF,not available,09-11-17,FALSE
SB-214,SNOW WHITE AND THE SEVEN DWARFS,not available,09-11-17,FALSE
SB-215,LITTLE RED RIDING HOOD,not available,09-11-17,FALSE
SB-216,THE MILKMAID AND THE JUG OF MILK,not available,09-11-17,FALSE
SB-217,GOLDILOCKS AND THE THREE BEARS,not available,09-11-17,FALSE
SB-218,PEPPER EATS TOO MUCH CAKE ,not available,09-11-17,FALSE
SB-219,SHE SHOE MAKER AND THE FLYER,not available,09-11-17,FALSE
SB-220,THE GINGERBREAD MAN ,not available,09-11-17,FALSE
SB-221,THE JACK AND THE BEANSTALK ,not available,09-11-17,FALSE
SB-222,THE JACK AND THE BEANSTALK ,not available,09-11-17,FALSE
SB-223,THE JUNGLE BOOK,not available,09-11-17,FALSE
SB-224,DALLY DUCK,not available,09-11-17,FALSE
SB-225,EAGLES GOLDEN NEEDLE,not available,09-11-17,FALSE
SB-226,BUSY BUSY GRAND ANT,not available,09-11-17,FALSE
SB-227,BEAR ALL YEAR,not available,09-11-17,FALSE
SB-228,JEALEBI CURVES,not available,09-11-17,FALSE
SB-229,THE LION AND THE FOX ,not available,09-11-17,FALSE
SB-230,FOUR FRIENDS,not available,09-11-17,FALSE
SB-231,NODDY AND FRIENDS,not available,09-11-17,FALSE
SB-232,ANIMAL TRAINER,not available,09-11-17,FALSE
SB-233,MY BABIES,not available,09-11-17,FALSE
SB-234,THE MILKMANS COW,not available,09-11-17,FALSE
SB-235,NIGHT,not available,09-11-17,FALSE
SB-236,HEIDI,not available,09-11-17,FALSE
SB-237,ALPHABET,not available,09-11-17,FALSE
SB-238,PETRA TAMES THE CAT,not available,09-11-17,FALSE
SB-239,TEN,not available,09-11-17,FALSE
SB-240,GK QUIZ,not available,09-11-17,FALSE
SB-241,THE WHISERING PRINCESS,not available,09-11-17,FALSE
SB-242,THE FAIRYTALE PRINCESS,not available,09-11-17,FALSE
SB-243,GULLIVERS TRAVEL,not available,09-11-17,FALSE
SB-244,STRANGE PANTS,not available,09-11-17,FALSE
SB-245,THE STORY OF THE THREE BILLLY ,not available,09-11-17,FALSE
SB-246,PUSS IN THE BOOTS,not available,09-11-17,FALSE
SB-247,A KITE CALLED,not available,09-11-17,FALSE
SB-248,ZN BON BIBILS FOREST,not available,09-11-17,FALSE
SB-249,THE STORY OF THEHENNY PENNY,not available,09-11-17,FALSE
SB-250,THAHITA THARIHITTA BALL,not available,09-11-17,FALSE
SB-251,THE TAMARIND TREE,not available,09-11-17,FALSE
SB-252,THE TAMARIND TREE,not available,09-11-17,FALSE
SB-253,SAM AND THE FAT CAT,not available,09-11-17,FALSE
SB-254,THE SONGS OF A SCARECROW,not available,09-11-17,FALSE
SB-255,FLEDOLIN,not available,09-11-17,FALSE
SB-256,FURRY LEARNT A LESSON,not available,09-11-17,FALSE
SB-257,HANSEL AND GRETEL,not available,09-11-17,FALSE
SB-258,PRANAVS PICTURE,not available,09-11-17,FALSE
SB-259,THE THREE MUSKETEERS,not available,09-11-17,FALSE
SB-260,THE MAGHA BHARTA,not available,09-11-17,FALSE
SB-261,BLACK BEAUTY,not available,09-11-17,FALSE
SB-262,BUMPY DOG ,not available,09-11-17,FALSE
SB-263,THE TALKTIVE TORTOISE,not available,09-11-17,FALSE
SB-264, HOT TEA AND WARM PUGS,not available,09-11-17,FALSE
SB-265,MISADVANTAGE OF PYARLAL,not available,09-11-17,FALSE
SB-266,BROKEN BONE,not available,09-11-17,FALSE
SB-267,AND LAND WAS BORN ,not available,09-11-17,FALSE
SB-268,LITTLE RED RIDING HOOD,not available,09-11-17,FALSE
SB-269,GULLIVERS TRAVEL,not available,09-11-17,FALSE
SB-270,THE ADVENTURE OF TOM SAWYER,not available,09-11-17,FALSE
SB-271,LOVE FOR THE CAT,not available,09-11-17,FALSE
SB-272,LOVE FOR THE CAT ,not available,09-11-17,FALSE
SB-273,PEPPER STRAWYS AWAY,not available,09-11-17,FALSE
SB-274,OUT OF THE WAY OUT OF THE WAY,not available,09-11-17,FALSE
SB-275,PEPPER GETS A NEW PET ,not available,09-11-17,FALSE
SB-276,LITTLE RED RIDING HOOD ,not available,09-11-17,FALSE
SB-277,THE RABBIT IN TH EMOON ,not available,09-11-17,FALSE
SB-278,DINABEN AND THE LIONS,not available,09-11-17,FALSE
SB-279,ADVENTURE OF HUCKLE BERRY FINN,not available,09-11-17,FALSE
SB-280,HANSEL AND GRETEL,not available,09-11-17,FALSE
SB-281,SUBHAS CHANDRA BOSE,not available,09-11-17,FALSE
SB-282,CITY FIRE IN THE FOREST,not available,09-11-17,FALSE
SB-283,STORM IN THE GARDEN,not available,09-11-17,FALSE
SB-284,JALEBI CURLY,not available,09-11-17,FALSE
SB-285,SNORING ,not available,09-11-17,FALSE
SB-286,THE STORY OF SINBAD,not available,09-11-17,FALSE
SB-287,GINGERBREAD MAN,not available,09-11-17,FALSE
SB-288,THE AMTN STATUE,not available,09-11-17,FALSE
SB-289,THREE BILLY GOATS,not available,09-11-17,FALSE
SB-290,MORE TALES FROM THE PANCHA TANTRA,not available,09-11-17,FALSE
SB-291,NOAHS ARK ,not available,09-11-17,FALSE
SB-292,BARTIE WIGGINS AMAZING EARS,not available,09-11-17,FALSE
SB-293,BOODABIM,not available,09-11-17,FALSE
SB-294,STONE EGGS,not available,09-11-17,FALSE
SB-295,LITTLE RABBIT WORKS FOR THE MOON ,not available,09-11-17,FALSE
SB-296,BODY FIGHTS COLD,not available,09-11-17,FALSE
SB-297,GUESS WHO ?,not available,09-11-17,FALSE
SB-298,TINTIN AND THE PICAROS,not available,09-11-17,FALSE
SB-299,BENJILS NEW FRIENDS,not available,09-11-17,FALSE
SB-300,MUHAMAD AND RIAZ,not available,09-11-17,FALSE
SB-301,MUHAMAD AND RIAZ,not available,09-11-17,FALSE
SB-302,AUTORICKSHAW BLUES,not available,09-11-17,FALSE
SB-303,THE MAGICAL ST,not available,09-11-17,FALSE
SB-304,THE PRINCESS WITH LONGEST HAIR,not available,09-11-17,FALSE
SB-305,SNAKE AND THE FROG,not available,09-11-17,FALSE
SB-306,ANIMAL ENCYCLOPEDIA,not available,09-11-17,FALSE
SB-307,PICTURE ATLAS,not available,09-11-17,FALSE
SB-308,LITTLE FINGERS,not available,09-11-17,FALSE
SB-309,THE WIND AND THE SUN AND THE OTHER STORES,not available,09-11-17,FALSE
SB-310,GULLA AND THE HANGUL ,not available,09-11-17,FALSE
SB-311,SNORING SHAUMUGAM,not available,09-11-17,FALSE
SB-312,SMAEERS HORSE,not available,09-11-17,FALSE
SB-313,PINTOO AND THE GIANT,not available,09-11-17,FALSE
SB-314,BABY BEBOO BEAR,not available,09-11-17,FALSE
SB-315,HELP HELP,not available,09-11-17,FALSE
SB-316,FLEDOLIN,not available,09-11-17,FALSE
SB-317,TRAVELLING SOLO TO JAPAN,not available,09-11-17,FALSE
SB-318,MISSY THE BUTTERFLY,not available,09-11-17,FALSE
SB-319,GOLDILICIOUS,not available,09-11-17,FALSE
SB-320,FOLLOWING MY PAINT BRUSH,not available,09-11-17,FALSE
SB-321,SHENGMIYANG THE GIANT,not available,09-11-17,FALSE
SB-322,KOLABA,not available,09-11-17,FALSE
SB-323,GUESS WHO ?,not available,09-11-17,FALSE
SB-324,LITTLE RED RIDING HOOD,not available,09-11-17,FALSE
SB-325,GEMS FROM THE PANCHATANTRA,not available,09-11-17,FALSE
SB-326,LITTLE RED RIDING HOOD,not available,09-11-17,FALSE
SB-327,PEPPER WATCHES TOO MUCH TV,not available,09-11-17,FALSE
SB-328,THE PHILOSOPHER AND THE ANTS,not available,09-11-17,FALSE
SB-329,FLEDOLIN,not available,09-11-17,FALSE
SB-330,FLEDOLIN,not available,09-11-17,FALSE
SB-331,PANCHATANTRA,not available,09-11-17,FALSE
SB-332,EECHA POSCHA,not available,09-11-17,FALSE
SB-333,WHY THE SEA IS SALTY,not available,09-11-17,FALSE
SB-334,WE THE CHILDREN OF INDIA,not available,09-11-17,FALSE
SB-335,THE LION AND THE FOX ,not available,09-11-17,FALSE
SB-336,NO MORE BULLYING ,not available,09-11-17,FALSE
SB-337,LUNCH BOX,not available,09-11-17,FALSE
SB-338,THE DIED PIPER OF HAMELIN ,not available,09-11-17,FALSE
SB-339,PEPPER TO TAKE THE BLAME,not available,09-11-17,FALSE
SB-340,WHAT DOES THE ASTRONAUT DO,not available,09-11-17,FALSE
SB-341,THE GLASS TREE,not available,09-11-17,FALSE
SB-342,MATH WITH BART AND ARNIE,not available,09-11-17,FALSE
SB-343,LITTLE RED RIDING HOOD,not available,09-11-17,FALSE
SB-344,JACK AND THE BEANSTALK,not available,09-11-17,FALSE
SB-345,COLOURS IN MY WORLD,not available,09-11-17,FALSE
SB-346,MAGICIAN,not available,09-11-17,FALSE
SB-347,KOLABA,not available,09-11-17,FALSE
SB-348,THE SNOWKINGS DAUGHTER,not available,09-11-17,FALSE
SB-349,THE STUBBORN MULE,not available,09-11-17,FALSE
SB-350,JOY JOY EARNS THE WINGS,not available,09-11-17,FALSE
SB-351,THE STORY THE THREE LITTLE KITTEN ,not available,09-11-17,FALSE
SB-352,TINKLE WHERE ,not available,09-11-17,FALSE
SB-353,TINKLE WHERE ,not available,09-11-17,FALSE
SB-354,THE STORY OF THE THREE BILLLY ,not available,09-11-17,FALSE
SB-355,MONKEY BUSINESS ON STAGE,not available,09-11-17,FALSE
SB-356,FOUR FRIENDS,not available,09-11-17,FALSE
SB-357,THE THREE MUSKETEERS,not available,09-11-17,FALSE
SB-358,WHAT SHALL I MAKE ,not available,09-11-17,FALSE
SB-359,I AM A BABY,not available,09-11-17,FALSE
SB-360,I AM A LEADER,not available,09-11-17,FALSE
SB-361,DANCING BEES,not available,09-11-17,FALSE
SB-362,THE STORY OF THE CINDRELLA ,not available,09-11-17,FALSE
SB-363,EKKI DOKKI,not available,09-11-17,FALSE
SB-364,DOES A GIRAFFEE,not available,09-11-17,FALSE
SB-365,JACK AND THE BEANSTALK,not available,09-11-17,FALSE
SB-366,Z KNEW YOU COULD ,not available,09-11-17,FALSE
SB-367,SCHOOL IS COOL,not available,09-11-17,FALSE
SB-368,ALL FREE,not available,09-11-17,FALSE
SB-369,LITTLE FINGERS,not available,09-11-17,FALSE
SB-370,DEAD CAT,not available,09-11-17,FALSE
SB-371,POWERCUT,not available,09-11-17,FALSE
SB-372,100 WORDS,not available,09-11-17,FALSE
SB-373,JACK AND THE BEANSTALK,not available,09-11-17,FALSE
SB-374,EVERYTHING LOOKING NEW ,not available,09-11-17,FALSE
SB-375,LITTLE FINGERS,not available,09-11-17,FALSE
SB-376,,not available,09-11-17,FALSE
SB-377,MURAD AND RIAZ,not available,09-11-17,FALSE
SB-378,LINE AND CIRCLE,not available,09-11-17,FALSE
SB-379,SONG,not available,09-11-17,FALSE
SB-380,NIGHT,not available,09-11-17,FALSE
SB-381,THE TAMARIND TREE,not available,09-11-17,FALSE
SB-382,"SLIM,SHORTYARD AND MULES ",not available,09-11-17,FALSE
SB-383,THE VEENAPLAYERS,not available,09-11-17,FALSE
SB-384,ADVENTURES OF TOM SWAYER,not available,09-11-17,FALSE
SB-385,ALL ABOUT NOTHING ,not available,09-11-17,FALSE
SB-386,THE OLD ANIMALS FOREST BAND,not available,09-11-17,FALSE
SB-387,TINKLE,not available,09-11-17,FALSE
SB-388,THE VERY HAIRY BEAR,not available,09-11-17,FALSE
SB-389,ANO WILL BE NING THOU,not available,09-11-17,FALSE
SB-390,100 MCHINE,not available,09-11-17,FALSE
SB-391,MAI AND HER NEW FRIEND ,not available,09-11-17,FALSE
SB-392,THE STORY OF THUMBELINA,not available,09-11-17,FALSE
SB-393,BA SARA AND THE DOTS OF LOVE ,not available,09-11-17,FALSE
SB-394,THE STORY OF THUMBELINA,not available,09-11-17,FALSE
SB-395,TINKLE,not available,09-11-17,FALSE
SB-396,YOUR BODY,not available,09-11-17,FALSE
SB-397,LASSI ICE CREAM ,not available,09-11-17,FALSE
SB-398,HOUR TO WEIGH ON ELEPHANT,not available,09-11-17,FALSE
SB-399,DO Z HAVE TO GO TO SCHOOL ,not available,09-11-17,FALSE
SB-400,LINE AND CIRCLE,not available,09-11-17,FALSE
SB-401,SLEEPING BEAUTY,not available,09-11-17,FALSE
SB-402,HELP HELP,not available,09-11-17,FALSE
SB-403,PACK IT UP BEN,not available,09-11-17,FALSE
SB-404,THE MOUSE DEER CHEATS THE FARM ,not available,09-11-17,FALSE
SB-405,THE STORY OF GOLDILICIOUS,not available,09-11-17,FALSE
SB-406,FREE MOUNTAIN,not available,09-11-17,FALSE
SB-407,HANSEL AND GRETEL ,not available,09-11-17,FALSE
SB-408,BLACK BEAUTY,not available,09-11-17,FALSE
SB-409,FLY FOX IS THE LITTLE ,not available,09-11-17,FALSE
SB-410,CHRISTOPHER COLUMBUS,not available,09-11-17,FALSE
SB-411,THAHITA THAHITTA ,not available,09-11-17,FALSE
SB-412,UPSIDE DOWN,not available,09-11-17,FALSE
SB-413,A SILLY STORY OF BONDA PALLI,not available,09-11-17,FALSE
SB-414,TWO FRIENDS ,not available,09-11-17,FALSE
SB-415,OUT OF THE WAY OUT OF THE WAY,not available,09-11-17,FALSE
SB-416,OUT OF THW WAY OUT OF THE WAY ,not available,09-11-17,FALSE
SB-417,ADVENTURE OF HUCKLEBERRY FINN ,not available,09-11-17,FALSE
SB-418,SABRIS COLOUR,not available,09-11-17,FALSE
SB-419,STORM IN THE GARDEN ,not available,09-11-17,FALSE
SB-420,FARM ,not available,09-11-17,FALSE
SB-421,DOES A YAK GET A BHAIRCUT,not available,09-11-17,FALSE
SB-422,SCHOOL IS COOL ,not available,09-11-17,FALSE
SB-423,THE STORY OF THEMBELINA,not available,09-11-17,FALSE
SB-424,THE WIND AND THE SUN,not available,09-11-17,FALSE
SB-425,SALLYS DAY,not available,09-11-17,FALSE
SB-426,THE PRINCESS WITH THE LARGEST HAIR ,not available,09-11-17,FALSE
SB-427,JACK AND THE BEANSTALK ,not available,09-11-17,FALSE
SB-428,THE STORY OF GINGERBREAD MAN,not available,09-11-17,FALSE
SB-429,THE STORY OF HENNY PENNY,not available,09-11-17,FALSE
SB-430,WHERES THAT CAT,not available,09-11-17,FALSE
SB-431,THE STORY OF HENNY PENNY,not available,09-11-17,FALSE
SB-432,GOOD MANNERS,not available,09-11-17,FALSE
SB-433,THE GOLDEN NECKLACE,not available,09-11-17,FALSE
SB-434,DOES A PANDA GO TO SCHOOL,not available,09-11-17,FALSE
SB-435,BE CAREFUL,not available,09-11-17,FALSE
SB-436,FREE MOUNTAIN,not available,09-11-17,FALSE
SB-437,FREE MOUNTAIN,not available,09-11-17,FALSE
SB-438,DADDYS DAY OUT,not available,09-11-17,FALSE
SB-439,ANIMAL HOUSE,not available,09-11-17,FALSE
SB-440,ZHAHYAD,not available,09-11-17,FALSE
SB-441,AEERLY TALE,not available,09-11-17,FALSE
SB-442,SONG ,not available,09-11-17,FALSE
SB-443,MIRROR,not available,09-11-17,FALSE
SB-444,SHIHHI,not available,09-11-17,FALSE
SB-445,LITTLE RED RIDING HOOD,not available,09-11-17,FALSE
SB-446,BIRBAL THE WISE,not available,09-11-17,FALSE
SB-447,GRASSHOPPER,not available,09-11-17,FALSE
SB-448,WHO WILL TEACH EMPEROR AKBAR,not available,09-11-17,FALSE
SB-449,A TRAIL OF POINT,not available,09-11-17,FALSE
SB-450,PAPLU THE GIANT,not available,09-11-17,FALSE
SB-451,THE STORY OF GOLDILICIOUS,not available,09-11-17,FALSE
SB-452,THE SNOW KINGS DAUGHTER,not available,09-11-17,FALSE
SB-453,PHANTOM,not available,09-11-17,FALSE
SB-454,BIRBAL THE WISE,not available,09-11-17,FALSE
SB-455,HANSEL AND GRETEL ,not available,09-11-17,FALSE
SB-456,ALIBABA AND THE FORTY THIEVES,not available,09-11-17,FALSE
SB-457,WEDDING CLOTHES,not available,09-11-17,FALSE
SB-458,SURPRISE GIFTS,not available,09-11-17,FALSE
SB-459,UPSIDE DOWN ,not available,09-11-17,FALSE
SB-460,LAIR LAIR THE BABY ELEPHANT,not available,09-11-17,FALSE
SB-461,BAHAMAS BUTTERFLY,not available,09-11-17,FALSE
SB-462,LAND WAS BORN,not available,09-11-17,FALSE
SB-463,CURSIVE WRITTING,not available,09-11-17,FALSE
SB-464,WHERE IS AMMA ,not available,09-11-17,FALSE
SB-465,COME,not available,09-11-17,FALSE
SB-466,THE SNAKE AND THE FROGS,not available,09-11-17,FALSE
SB-467,HELP HELP,not available,09-11-17,FALSE
SB-468,POWERCUT,not available,09-11-17,FALSE
SB-469,THE TOY HOUSE,not available,09-11-17,FALSE
SB-470,ONCE UPON A MOUNTAIN,not available,09-11-17,FALSE
SB-471,FREE MOUNTAIN,not available,09-11-17,FALSE
SB-472,MOTHER IS THE MOTHER,not available,09-11-17,FALSE
SB-473,RAMU,not available,09-11-17,FALSE
SB-474,MITHATHU,not available,09-11-17,FALSE
SB-475,THE TALKTAIVE TORTOISE,not available,09-11-17,FALSE
SB-476,WHERE DID YOU SEE,not available,09-11-17,FALSE
SB-477,TEN ,not available,09-11-17,FALSE
SB-478,IM SO SLEEPY ,not available,09-11-17,FALSE
SB-479,THE STORY OF GINGERBREAD MAN,not available,09-11-17,FALSE
SB-480,BLACK BEAUTY,not available,09-11-17,FALSE
SB-481,CROCODILE TEARS ,not available,09-11-17,FALSE
SB-482,TEN ,not available,09-11-17,FALSE
SB-483,YOU TAKE A MOUSE TO THE MOUSE ,not available,09-11-17,FALSE
SB-484,DOES A TIGER OPEN WIDE ,not available,09-11-17,FALSE
SB-485,MULLA NASRUDDIN ,not available,09-11-17,FALSE
SB-486,THE GINGERBREAD MAN ,not available,09-11-17,FALSE
SB-487,A BABY HORNBILL LEARNS TO FLY ,not available,09-11-17,FALSE
SB-488,GRANNYS SON ,not available,09-11-17,FALSE
SB-489,FLORENCE NIGHTANGLE,not available,09-11-17,FALSE
SB-490,THE ADVENTURE OF SINBAD ,not available,09-11-17,FALSE
SB-491,DOES A HIPPO SAY ,not available,09-11-17,FALSE
SB-492,GOODNIGHT FACES,not available,09-11-17,FALSE
SB-493,THE BILLY GOATS GROSS ,not available,09-11-17,FALSE
SB-494,INSECT BUGS ,not available,09-11-17,FALSE
SB-495,ON THE MOVE ,not available,09-11-17,FALSE
SB-496,MATHEMATICS ,not available,09-11-17,FALSE
SB-497,CHICKEN CHICKEN ,not available,09-11-17,FALSE
SB-498,REPTILES ON A FROGS ,not available,09-11-17,FALSE
SB-499,GOLDILOCKS AND THREE BEARS ,not available,09-11-17,FALSE
SB-500,WILD ANIMAL ,not available,09-11-17,FALSE
SB-501,TRAVELLING SOLO TO FRANCE ,not available,09-11-17,FALSE
SB-502,THE THREE WISHES ,not available,09-11-17,FALSE
SB-503,LITTLE MISS MUFFET ,not available,09-11-17,FALSE
SB-504,PINOCCHIO,not available,09-11-17,FALSE
SB-505,JOKES,not available,09-11-17,FALSE
SB-506,KING MIDAS AND THE GOLD ,not available,09-11-17,FALSE
SB-507,THE PRINCE AND PAUPER ,not available,09-11-17,FALSE
SB-508,TINKLE DIGEST ,not available,09-11-17,FALSE
SB-509,TINKLE DOUBLE DIGEST ,not available,09-11-17,FALSE
SB-510,RACING CAR ,not available,09-11-17,FALSE
SB-511,ADVENTURE OF RABBIT HEAD ,not available,09-11-17,FALSE
SB-512,THE DRAGON PAINTER ,not available,09-11-17,FALSE
SB-513,MY BEST FRIEND ,not available,09-11-17,FALSE
SB-514,AII BABA AND 40 THIEVES ,not available,09-11-17,FALSE
SB-515,TINKLE DOUCLE DIGEST NO 118,not available,09-11-17,FALSE
SB-516,JACK AND THE BEANSTALK ,not available,09-11-17,FALSE
SB-517,HELLO,not available,09-11-17,FALSE
SB-518,THE EMPERORO AND THE NIGHTINGALE,not available,09-11-17,FALSE
SB-519,HELLO,not available,09-11-17,FALSE
SB-520,WHERE IS THANGI,not available,09-11-17,FALSE
SB-521,WHERE IS THANGI,not available,09-11-17,FALSE
SB-522,BABY DOG,not available,09-11-17,FALSE
SB-523,THE EMPERORRS NEW CLOTHES ,not available,09-11-17,FALSE
SB-524,THE FROG PRINCE,not available,09-11-17,FALSE
SB-525,COLOURFUL RHYMES ,not available,09-11-17,FALSE
SB-526,SPLISH SPLASH ,not available,09-11-17,FALSE
SB-527,HOW ZEBRAS GOT HER STRIPES,not available,09-11-17,FALSE
SB-528,I SPY LITTLE ,not available,09-11-17,FALSE
SB-529,PRINCESS POLLY AND PONY ,not available,09-11-17,FALSE
SB-530,A TALE OF TWO CITIES,not available,09-11-17,FALSE
SB-531,BIRDS ANIMALS INSECTS HUMANS,not available,09-11-17,FALSE
SB-532,EVERY ONE HAS STORIES,not available,09-11-17,FALSE
SB-533,A SILLY STORY OF BONDA PALLI,not available,09-11-17,FALSE
SB-534,WHATS LIVING IN YOUR CHILDREN ,not available,09-11-17,FALSE
SB-535,THE GREAT BIRD ,not available,09-11-17,FALSE
SB-536,THE SONG OF THE SCARECROW,not available,09-11-17,FALSE
SB-537,TOOTHACHE,not available,09-11-17,FALSE
SB-538,DANCING ON WALLS,not available,09-11-17,FALSE
SB-539,MY MOTHER ,not available,09-11-17,FALSE
SB-540,WHAT A SONG ,not available,09-11-17,FALSE
SB-541,MANGOES IS BANANAS,not available,09-11-17,FALSE
SB-542,STORIES FOR CHILDREN ,not available,09-11-17,FALSE
SB-543,PEPPER HAS TOO MANY TOYS ,not available,09-11-17,FALSE
SB-544,AUTORICKSHAW BLUES,not available,09-11-17,FALSE
SB-545,AUTORICKSHAW BLUES,not available,09-11-17,FALSE
SB-546,THE WHY WHY GIRL ,not available,09-11-17,FALSE
SB-547,AESOPS FABLES,not available,09-11-17,FALSE
SB-548,THE STORY OF PUSSYBOOTS,not available,09-11-17,FALSE
SB-549,WELCOME HIGHLIGHTS,not available,09-11-17,FALSE
SB-550,WHEN A DRAWING IS SCALED,not available,09-11-17,FALSE
SB-551,STORIES FOR CHILDREN ,not available,09-11-17,FALSE
SB-552,THE STORY OF DOLLY DUCK,not available,09-11-17,FALSE
SB-553,WHO WILL RULE,not available,09-11-17,FALSE
SB-554,,not available,09-11-17,FALSE
SB-555,GAJAPATI,not available,09-11-17,FALSE
SB-556,WHERE IS AMMA ,not available,09-11-17,FALSE
SB-557,NATURE ENCYLCOPEDIA,not available,09-11-17,FALSE
SB-558,SIHIDI,not available,09-11-17,FALSE
SB-559,GULLIVERS TRAVEL ,not available,09-11-17,FALSE
SB-560,SPACE ENCYLCOPEDIA,not available,09-11-17,FALSE
SB-561,DICTIONARY,not available,09-11-17,FALSE
SB-562,THE CHURCHI BURHI ,not available,09-11-17,FALSE
SB-563,JACK ITS PLAYTIME,not available,09-11-17,FALSE
SB-564,GUESS WHO,not available,09-11-17,FALSE
SB-565,NBRAHAMAS BUTTERFLY,not available,09-11-17,FALSE
SB-566,HOLI AND RAT SNAKE,not available,09-11-17,FALSE
SB-567,THE WHY WHY GIRL ,not available,09-11-17,FALSE
SB-568,JIGHHAD,not available,09-11-17,FALSE
SB-569,ANIMALS SECRETS,not available,09-11-17,FALSE
SB-570,THE ELEPHANT IN THE TREE,not available,09-11-17,FALSE
SB-571,DOT 2 DOT,not available,09-11-17,FALSE
SB-572,I CAN READ DIXIE,not available,09-11-17,FALSE
SB-573,LITTLE PRINCESS,not available,09-11-17,FALSE
SB-574,THE MAXIMUM BUG ,not available,09-11-17,FALSE
SB-575,AT LEAST A FISH,not available,09-11-17,FALSE
SB-576,BLACK BEAUTY,not available,09-11-17,FALSE
SB-577,THE COUNT OF MONTE CARLO ,not available,09-11-17,FALSE
SB-578,LEAVES,not available,09-11-17,FALSE
SB-579,CLEVER RABBIT AND THE LION ,not available,09-11-17,FALSE
SB-580,THE GOOSE THAT LAID THE GOLDEN EGG,not available,09-11-17,FALSE
SB-581,ALICE IN WONDERLAND ,not available,09-11-17,FALSE
SB-582,DANCING BEES,not available,09-11-17,FALSE
SB-583,BOBY BEBOO BEAR ,not available,09-11-17,FALSE
SB-584,MY BOOK OF FAIRYTALES,not available,09-11-17,FALSE
SB-585,HAPPY GO DUNKY ,not available,09-11-17,FALSE
SB-586,BUSY BUSY GRAND AUNT,not available,09-11-17,FALSE
SB-587,PUZZLE MANIA,not available,09-11-17,FALSE
SB-588,YES HUBTAXI,not available,09-11-17,FALSE
SB-589,PADMA GOES TO SPACE,not available,09-11-17,FALSE
SB-590,JUS STRONG,not available,09-11-17,FALSE
SB-591,WHAT DID YOU SEE,not available,09-11-17,FALSE
SB-592,MY READING AND ACTIVITY BOOK ,not available,09-11-17,FALSE
SB-593,THE GREAT ROSE,not available,09-11-17,FALSE
SB-594,DRENEVA PICTURE ,not available,09-11-17,FALSE
SB-595,HOME ,not available,09-11-17,FALSE
SB-596,,not available,09-11-17,FALSE
SB-597,HOME ,not available,09-11-17,FALSE
SB-598,DANCING BEES,not available,09-11-17,FALSE
SB-599,SEA CREATURES,not available,09-11-17,FALSE
SB-600,THE WHY WHYVGIRL,not available,09-11-17,FALSE
SB-601,BLACK BOARD,not available,09-11-17,FALSE
SB-602,PINTOO AND THE GIANT,not available,09-11-17,FALSE
SB-603,DANCING ON THE WALLS,not available,09-11-17,FALSE
SB-604,LITTLE RED RIDING HOOD,not available,09-11-17,FALSE
SB-605,BASAR AND THE DOTS OF FIRE,not available,09-11-17,FALSE
SB-606,FREE MOUNTAIN ,not available,09-11-17,FALSE
SB-607,MIRROR,not available,09-11-17,FALSE
SB-608,WHERE IS THANGI,not available,09-11-17,FALSE
SB-609,HELLO,not available,09-11-17,FALSE
SB-610,MIRROR,not available,09-11-17,FALSE
SB-611,TAIL,not available,09-11-17,FALSE
SB-612,WHERE IS THANGI,not available,09-11-17,FALSE
SB-613,TAIL,not available,09-11-17,FALSE
SB-614,FLOWER,not available,09-11-17,FALSE
SB-615,TAIL,not available,09-11-17,FALSE
SB-616,SONG,not available,09-11-17,FALSE
SB-617,I CAN DRESS MYSELF,not available,09-11-17,FALSE
SB-618,MY ROOM ,not available,09-11-17,FALSE
SB-619,HOW ELEPHANTS LOST THEIR WING ,not available,09-11-17,FALSE
SB-620,BIG AIR,not available,09-11-17,FALSE
SB-621,FAIRYTALES FOR GIRLS ,not available,09-11-17,FALSE
SB-622,LITTLE RED RIDING HOOD ,not available,09-11-17,FALSE
SB-623,LITTLE RED RIDING HOOD ,not available,09-11-17,FALSE
SB-624,THE THREE BILLY GOATS GUFF ,not available,09-11-17,FALSE
SB-625,THE THREE BILLY GOATS GUFF ,not available,09-11-17,FALSE
SB-626,THE THREE BILLY GOATS GUFF ,not available,09-11-17,FALSE
SB-627,THE THREE BILLY GOATS GUFF ,not available,09-11-17,FALSE
SB-628,THE UGLY DUCKLING ,not available,09-11-17,FALSE
SB-629,THE UGLY DUCKLING ,not available,09-11-17,FALSE
SB-630,THE UGLY DUCKLING ,not available,09-11-17,FALSE
SB-631,THE UGLY DUCKLING ,not available,09-11-17,FALSE
SB-632,THE UGLY DUCKLING ,not available,09-11-17,FALSE
SB-633,TALES FROM INDIAN CLASSICS,not available,09-11-17,FALSE
SB-634,THE STORY OF THE LITTLE MERMAID,not available,09-11-17,FALSE
SB-635,THE ENORMOUS,not available,09-11-17,FALSE
SB-636,SULREV,not available,09-11-17,FALSE
SB-637,THE STORY OF THE LITTLE KITTENS,not available,09-11-17,FALSE
SB-638,THE SHOEMAKER AND TH ELVES,not available,09-11-17,FALSE
SB-639,THE GREAT BIG TURNIP,not available,09-11-17,FALSE
SB-640,STOP AT THE RED LIGHT ,not available,09-11-17,FALSE
SB-641,AT WORK ,not available,09-11-17,FALSE
SB-642,ON THE MOON ,not available,09-11-17,FALSE
SB-643,THE SUN AND THE WIND ,not available,09-11-17,FALSE
SB-644,OUT AND ABOUT ,not available,09-11-17,FALSE
SB-645,ANT AND GRASSHOPPER,not available,09-11-17,FALSE
SB-646,TRAIN ,not available,09-11-17,FALSE
SB-647,TINKLE,not available,09-11-17,FALSE
SB-648,SLAP AND CLAP,not available,09-11-17,FALSE
SB-649,WHAT DID YOU SEE,not available,09-11-17,FALSE
SB-650,I AM ACAT,not available,09-11-17,FALSE
SB-651,CINDRELLA,not available,09-11-17,FALSE
SB-652,DOES A SEAL SMILE,not available,09-11-17,FALSE
SB-653,STOMACH ACHE ,not available,09-11-17,FALSE
SB-654,FOOD ,not available,09-11-17,FALSE
